Datetime,Water Level (m)
2025-02-13 00:00:00,0.021485452
2025-02-13 01:00:00,0.043558493
2025-02-13 02:00:00,0.04448207
2025-02-13 03:00:00,0.029991323
2025-02-13 04:00:00,0.008221165
2025-02-13 05:00:00,-0.021266762
2025-02-13 06:00:00,-0.056231778
2025-02-13 07:00:00,-0.09160007
2025-02-13 08:00:00,-0.1140965
2025-02-13 09:00:00,-0.10978108
2025-02-13 10:00:00,-0.08934716
2025-02-13 11:00:00,-0.061520744
2025-02-13 12:00:00,-0.032045156
2025-02-13 13:00:00,-0.014410567
2025-02-13 14:00:00,-0.019515842
2025-02-13 15:00:00,-0.035872877
2025-02-13 16:00:00,-0.058848977
2025-02-13 17:00:00,-0.08727657
2025-02-13 18:00:00,-0.11838243
2025-02-13 19:00:00,-0.14906348
2025-02-13 20:00:00,-0.1612678
2025-02-13 21:00:00,-0.146276
2025-02-13 22:00:00,-0.11284195
2025-02-13 23:00:00,-0.055631753
2025-02-14 00:00:00,-0.00769237
2025-02-14 01:00:00,0.021428274
2025-02-14 02:00:00,0.030156067
2025-02-14 03:00:00,0.019714339
2025-02-14 04:00:00,-4.8657887e-05
2025-02-14 05:00:00,-0.027690113
2025-02-14 06:00:00,-0.06180738
2025-02-14 07:00:00,-0.098473504
2025-02-14 08:00:00,-0.1302751
2025-02-14 09:00:00,-0.13852644
2025-02-14 10:00:00,-0.12229335
2025-02-14 11:00:00,-0.09404168
2025-02-14 12:00:00,-0.0606126
2025-02-14 13:00:00,-0.03471208
2025-02-14 14:00:00,-0.029846089
2025-02-14 15:00:00,-0.041992743
2025-02-14 16:00:00,-0.06087461
2025-02-14 17:00:00,-0.086699694
2025-02-14 18:00:00,-0.117491886
2025-02-14 19:00:00,-0.15055805
2025-02-14 20:00:00,-0.17586112
2025-02-14 21:00:00,-0.1747519
2025-02-14 22:00:00,-0.1504514
2025-02-14 23:00:00,-0.10432073
2025-02-15 00:00:00,-0.043845665
2025-02-15 01:00:00,-0.006983173
2025-02-15 02:00:00,0.011205662
2025-02-15 03:00:00,0.0099155
2025-02-15 04:00:00,-0.0054678447
2025-02-15 05:00:00,-0.028953543
2025-02-15 06:00:00,-0.06002782
2025-02-15 07:00:00,-0.095274925
2025-02-15 08:00:00,-0.12995948
2025-02-15 09:00:00,-0.14876576
2025-02-15 10:00:00,-0.13954479
2025-02-15 11:00:00,-0.11407727
2025-02-15 12:00:00,-0.080506384
2025-02-15 13:00:00,-0.047898088
2025-02-15 14:00:00,-0.02807533
2025-02-15 15:00:00,-0.027534718
2025-02-15 16:00:00,-0.03952012
2025-02-15 17:00:00,-0.06088684
2025-02-15 18:00:00,-0.08904985
2025-02-15 19:00:00,-0.120813094
2025-02-15 20:00:00,-0.15186812
2025-02-15 21:00:00,-0.16492625
2025-02-15 22:00:00,-0.14986938
2025-02-15 23:00:00,-0.11727577
2025-02-16 00:00:00,-0.0632225
2025-02-16 01:00:00,-0.018200235
2025-02-16 02:00:00,0.0062544625
2025-02-16 03:00:00,0.011357525
2025-02-16 04:00:00,-0.00065978355
2025-02-16 05:00:00,-0.020964125
2025-02-16 06:00:00,-0.048614718
2025-02-16 07:00:00,-0.081663966
2025-02-16 08:00:00,-0.11698834
2025-02-16 09:00:00,-0.14455679
2025-02-16 10:00:00,-0.147222
2025-02-16 11:00:00,-0.1274924
2025-02-16 12:00:00,-0.09665321
2025-02-16 13:00:00,-0.06227644
2025-02-16 14:00:00,-0.0336591
2025-02-16 15:00:00,-0.02269136
2025-02-16 16:00:00,-0.030400006
2025-02-16 17:00:00,-0.04806169
2025-02-16 18:00:00,-0.071889974
2025-02-16 19:00:00,-0.101291455
2025-02-16 20:00:00,-0.13359629
2025-02-16 21:00:00,-0.15682377
2025-02-16 22:00:00,-0.15412797
2025-02-16 23:00:00,-0.13102117
2025-02-17 00:00:00,-0.09271435
2025-02-17 01:00:00,-0.04784764
2025-02-17 02:00:00,-0.018224563
2025-02-17 03:00:00,-0.00799504
2025-02-17 04:00:00,-0.015971843
2025-02-17 05:00:00,-0.033320315
2025-02-17 06:00:00,-0.057757296
2025-02-17 07:00:00,-0.08796515
2025-02-17 08:00:00,-0.121545576
2025-02-17 09:00:00,-0.1526808
2025-02-17 10:00:00,-0.16536126
2025-02-17 11:00:00,-0.15239832
2025-02-17 12:00:00,-0.12456939
2025-02-17 13:00:00,-0.08851009
2025-02-17 14:00:00,-0.053606145
2025-02-17 15:00:00,-0.032566756
2025-02-17 16:00:00,-0.033131987
2025-02-17 17:00:00,-0.046695285
2025-02-17 18:00:00,-0.06706681
2025-02-17 19:00:00,-0.09335091
2025-02-17 20:00:00,-0.12358944
2025-02-17 21:00:00,-0.15187868
2025-02-17 22:00:00,-0.16162626
2025-02-17 23:00:00,-0.147532
2025-02-18 00:00:00,-0.1211444
2025-02-18 01:00:00,-0.087105565
2025-02-18 02:00:00,-0.05448282
2025-02-18 03:00:00,-0.036219712
2025-02-18 04:00:00,-0.039238166
2025-02-18 05:00:00,-0.053486947
2025-02-18 06:00:00,-0.07479167
2025-02-18 07:00:00,-0.102293834
2025-02-18 08:00:00,-0.13410084
2025-02-18 09:00:00,-0.1667547
2025-02-18 10:00:00,-0.18852253
2025-02-18 11:00:00,-0.1866693
2025-02-18 12:00:00,-0.16627328
2025-02-18 13:00:00,-0.13387497
2025-02-18 14:00:00,-0.09758991
2025-02-18 15:00:00,-0.069442876
2025-02-18 16:00:00,-0.057380177
2025-02-18 17:00:00,-0.06396335
2025-02-18 18:00:00,-0.08024806
2025-02-18 19:00:00,-0.10288795
2025-02-18 20:00:00,-0.12959799
2025-02-18 21:00:00,-0.15778443
2025-02-18 22:00:00,-0.17528094
2025-02-18 23:00:00,-0.17033242
2025-02-19 00:00:00,-0.1513602
